bin_lats,bin_lons
-63.21844285714287,-53.651045
-63.30393636363635,-53.151045
-63.382562500000006,-52.651045
-63.4719,-52.151045
-63.52810000000001,-51.651045
-63.615869230769235,-51.151045
-63.71760454545454,-50.651045
-63.832083333333344,-50.151045
-63.850855555555555,-49.651045
-63.9214,-49.151045
-63.964600000000004,-48.651045
-64.07309285714287,-48.151045
-64.19543333333334,-47.651045
-64.22775,-47.151045
